<Brush>
    <Name>Checker</Name>
    <Pattern>Checker</Pattern>
    <BlockPresets>
        <BlockPreset>
            <Name>Block0</Name>
            <Mesh>CubeBeveled</Mesh>
            <UV>0</UV>
            <Collider>Cube</Collider>
            <Material>Palette</Material>
        </BlockPreset>
        <BlockPreset>
            <Name>Block1</Name>
            <Mesh>CubeBeveled</Mesh>
            <UV>1</UV>
            <Collider>Cube</Collider>
            <Material>Palette</Material>
        </BlockPreset>
    </BlockPresets>
</Brush>