<Brush>
    <Name>Stairs</Name>
    <Pattern>TwoByTwo</Pattern>
    <BlockPresets>
        <BlockPreset>
            <Name>TopLeft</Name>
            <Mesh>StairsBeveledTop</Mesh>
            <UV>0</UV>
            <Collider>StairsTopCollider</Collider>
            <Material>Palette</Material>
        </BlockPreset>
        <BlockPreset>
            <Name>TopLeft</Name>
            <Mesh>StairsBeveledTop</Mesh>
            <UV>0</UV>
            <Collider>StairsTopCollider</Collider>
            <Material>Palette</Material>
        </BlockPreset>
        <BlockPreset>
            <Name>TopLeft</Name>
            <Mesh>StairsBeveledBottom</Mesh>
            <UV>0</UV>
            <Collider>StairsBottomCollider</Collider>
            <Material>Palette</Material>
        </BlockPreset>
        <BlockPreset>
            <Name>TopLeft</Name>
            <Mesh>StairsBeveledBottom</Mesh>
            <UV>0</UV>
            <Collider>StairsBottomCollider</Collider>
            <Material>Palette</Material>
        </BlockPreset>
    </BlockPresets>
</Brush>