<Brush>
    <Name>Wall_Brick_A</Name>
    <Pattern>TwoByTwo</Pattern>
    <BlockPresets>
        <BlockPreset>
            <Name>TopLeft</Name>
            <Mesh>Wall_Brick_A</Mesh>
            <UV>0</UV>
            <Collider>Cube</Collider>
            <Material>Environment</Material>
        </BlockPreset>
        <BlockPreset>
            <Name>TopRight</Name>
            <Mesh>Wall_Brick_A</Mesh>
            <UV>1</UV>
            <Collider>Cube</Collider>
            <Material>Environment</Material>
        </BlockPreset>
        <BlockPreset>
            <Name>BottomLeft</Name>
            <Mesh>Wall_Brick_A</Mesh>
            <UV>2</UV>
            <Collider>Cube</Collider>
            <Material>Environment</Material>
        </BlockPreset>
        <BlockPreset>
            <Name>BottomRight</Name>
            <Mesh>Wall_Brick_A</Mesh>
            <UV>3</UV>
            <Collider>Cube</Collider>
            <Material>Environment</Material>
        </BlockPreset>
    </BlockPresets>
</Brush>